,Original_name,Accepted_name,acceptedMOR,checklistMatch,notes,notesBy,noteDate,collectionPriority19,Ageratina altissima,Ageratina altissima,Ageratina altissima,#N/A,,,,x20,Agostis alba,Poa nemoralis,Poa nemoralis,#N/A,,,,x21,AGRALT,,Agrostis altissima,#N/A,,,,x29,Agrostis alba,Poa nemoralis,Poa nemoralis,#N/A,,,,x38,Allium stellatum,Allium stellatum,Allium stellatum,#N/A,almost certainly misid,ah,6/27/18,x41,Alnus species,Alnus,Alnus,#N/A,almost certainly Alnus glutinosa… no others in the wild here,ah,6/27/18,x45,AMOSPA,Amorpha,,#N/A,not sure what is meant by this name… matches no abbreviations in USDA plants,ah,6/27/18,x49,Anemone caroliniana,Anemone caroliniana,Anemone caroliniana,#N/A,almost certainly misid; rare in chicago region,ah,6/27/18,x61,Aruncus dioicus pubescens,Aruncus dioicus var. pubescens,Aruncus dioicus,#N/A,probably wrong: http://vplants.org/portal/taxa/index.php?taxon=Aruncus+dioicus`,ah,6/27/18,x63,ASCGLA,,0,#N/A,Aesculus glabra?,ah,6/27/18,x64,Asclepias meadii,Asclepias meadii,Asclepias meadii,#N/A,"probably wrong: at arb, known only from Schulenberg Prairie, where it is introduced",ah,6/27/18,x93,Calluna vulgaris,Calluna vulgaris,Calluna vulgaris,#N/A,almost certainly wrong… not from this region,ah,6/27/18,x114,Carex trichocarpa,Carex trichocarpa,Carex trichocarpa,#N/A,I don't believe this occurs at the Arb… I'd like to see a specimen,ah,6/27/18,x136,Cladastris kentukea,Cladrastis kentukea,Cladrastis kentukea,#N/A,"I haven't seen these… maybe here, escaped from cultivation",ah,6/27/18,x137,Cladrastis lutea,Cladrastis lutea,Cladrastis lutea,#N/A,"I haven't seen these… maybe here, escaped from cultivation",ah,6/27/18,x190,Festuca elatior,Festuca arundinacea,Festuca arundinacea,#N/A,"I suspect this is a mis-ID, but I don't know what it would be",ah,6/27/18,x194,Fragaria vesca americana,Fragaria vesca subsp. americana,Fragaria vesca,#N/A,I've not seen this at the arb… I would treat the Fragaria spp as one,ah,6/27/18,x206,Galium asprellum,Galium asprellum,Galium asprellum,#N/A,"I have my doubts about this ID, but I haven't seen a specimen",ah,6/27/18,x225,Helianthus divaricatus,Helianthus divaricatus,Helianthus divaricatus,#N/A,"I have my doubts about this ID, but I haven't seen a specimen",ah,6/27/18,x283,Morus rubra,Morus rubra,Morus rubra,#N/A,"it could be here, but we have no specimens… I'd love to see it",ah,6/27/18,x319,Pinus banksiana,Pinus banksiana,Pinus banksiana,#N/A,?!,ah,6/27/18,x343,Populus alba,Populus alba,Populus alba,#N/A,no specimen… I'd like to see this ,ah,6/27/18,x398,Rubes idaeus strigosus,Rubus idaeus subsp. strigosus,Rubus idaeus,#N/A,,,,x400,Rubus hispidus,Rubus hispidus,Rubus hispidus,#N/A,,,,x401,Rubus idaeus strigosus,Rubus idaeus subsp. strigosus,Rubus idaeus,#N/A,,,,x403,Rubus pensilvanicus,Rubus pensilvanicus,Rubus pensilvanicus,#N/A,,,,x408,Rumex orbiculatus,Rumex britannica,Rumex britannica,#N/A,,,,x436,Smilax tamnoides hispida,Smilax tamnoides,Smilax tamnoides,#N/A,,,,x446,Solidago tenuifolia,Euthamia caroliniana,Euthamia caroliniana,#N/A,seems unlikely: sand soil sp that is not reported at all from DuPage Co.,ah,6/27/18,x473,Torilis japonica,Torilis japonica,Torilis japonica,#N/A,,,,x519,Uvularia sessilifolia,Uvularia sessilifolia,Uvularia sessilifolia,#N/A,,,,x521,Vernonia altissima,Vernonia gigantea,Vernonia gigantea,#N/A,,,,x528,Viburnum rafinesquianum,Viburnum rafinesquianum,Viburnum rafinesquianum,#N/A,,,,x529,Viburnum recognitum,Viburnum recognitum,Viburnum recognitum,#N/A,,,,x1,??,,,#N/A,,,,2,0,,,#N/A,,,,3,Acalypha rhomboidea,Acalypha virginica var. rhomboidea,Acalypha virginica,#N/A,,,,4,Acer negundo,Acer negundo,Acer negundo,Acer negundo,,,,5,Acer nigrum,Acer saccharum subsp. nigrum,Acer saccharum,Acer saccharum,,,,6,Acer platanoides,Acer platanoides,Acer platanoides,Acer platanoides,,,,7,Acer rubrum,Acer rubrum,Acer rubrum,Acer rubrum,,,,8,Acer saccharinum,Acer saccharinum,Acer saccharinum,Acer saccharinum,,,,9,Acer saccharum,Acer saccharum,Acer saccharum,Acer saccharum,,,,10,Acer sp.,Acer,Acer,#N/A,,,,11,Acer species,Acer,Acer,#N/A,,,,12,Acers saccharum,Acer saccharum,Acer saccharum,Acer saccharum,,,,13,Achillea millefolium,Achillea millefolium,Achillea millefolium,Achillea millefolium,,,,14,Actaea pachypoda,Actaea pachypoda,Actaea pachypoda,Actaea pachypoda,,,,15,Actinomeris alternifolia,Verbesina alternifolia,Verbesina alternifolia,Verbesina alternifolia,,,,16,Aesculus glabra,Aesculus glabra,Aesculus glabra,Aesculus glabra,,,,17,Aesculus sp.,Aesculus,Aesculus,#N/A,,,,18,Aesculus species,Aesculus,Aesculus,#N/A,,,,22,Agrimonia gryposepala,Agrimonia gryposepala,Agrimonia gryposepala,Agrimonia gryposepala,,,,23,Agrimonia pubescens,Agrimonia pubescens,Agrimonia pubescens,Agrimonia pubescens,,,,24,Agrimonia sp.,Agrimonia,Agrimonia,#N/A,,,,25,Agrimonia Sp.,Agrimonia,Agrimonia,#N/A,,,,26,Agrimonia species,Agrimonia,Agrimonia,#N/A,,,,27,Agrononia sp.,Agrimonia,Agrimonia,#N/A,,,,28,Agropyron repens,Elymus repens,Elymus repens,Elymus repens,,,,30,Agrostis species,Agrostis,Agrostis,#N/A,,,,31,Alisma subcordatum,Alisma subcordatum,Alisma subcordatum,Alisma subcordatum,,,,32,ALLBUR,Allium,Allium tricoccum,Allium tricoccum,,,,33,Alliaria petiolata,Alliaria petiolata,Alliaria petiolata,Alliaria petiolata,,,,34,Allium burdickii,Allium tricoccum var. burdickii,Allium tricoccum,Allium tricoccum,,,,35,Allium canadense,Allium canadense,Allium canadense,Allium canadense,,,,36,Allium cernuum,Allium cernuum,Allium cernuum,Allium cernuum,,,,37,Allium sp.,Allium,Allium,#N/A,,,,39,Allium tricoccum,Allium tricoccum,Allium tricoccum,Allium tricoccum,,,,40,Allium vineale,Allium vineale,Allium vineale,Allium vineale,,,,42,Ambrosia artemisiifolia,Ambrosia artemisiifolia,Ambrosia artemisiifolia,Ambrosia artemisiifolia,,,,43,Ambrosia artemisiifolia elatior,Ambrosia artemisiifolia,Ambrosia artemisiifolia,Ambrosia artemisiifolia,,,,44,Ambrosia trifida,Ambrosia trifida,Ambrosia trifida,Ambrosia trifida,,,,46,Amphicarpaea bracteata,,Amphicarpaea bracteata,Amphicarpaea bracteata,,,,47,Andropogon gerardii,Andropogon gerardii,Andropogon gerardii,Andropogon gerardii,,,,48,Anemone canadensis,Anemone canadensis,Anemone canadensis,Anemone canadensis,,,,50,Anemone quinquefolia,Anemone quinquefolia,Anemone quinquefolia,Anemone quinquefolia,,,,51,Anemone species,Anemone,Anemone,#N/A,,,,52,Anemone virginiana,Anemone virginiana,Anemone virginiana,Anemone virginiana,,,,53,Anemonella thalictroides,Anemonella thalictroides,Anemonella thalictroides,#N/A,correct -- check name in checklist,ah,6/28/18,54,Apocynum cannabinum,Apocynum cannabinum,Apocynum cannabinum,Apocynum cannabinum,,,,55,Apocynum sibiricum,Apocynum cannabinum,Apocynum cannabinum,Apocynum cannabinum,,,,56,Aquilegia canadensis,Aquilegia canadensis,Aquilegia canadensis,Aquilegia canadensis,,,,57,Arctium minus,Arctium minus,Arctium minus,Arctium minus,,,,58,Arenaria lateriflora,Moehringia lateriflora,Moehringia lateriflora,#N/A,correct -- check name in checklist,ah,6/27/18,59,Arisaema dracontium,Arisaema dracontium,Arisaema dracontium,Arisaema dracontium,,,,60,Arisaema triphyllum,Arisaema triphyllum,Arisaema triphyllum,Arisaema triphyllum,,,,62,Asarum canadense,Asarum canadense,Asarum canadense,Asarum canadense,,,,65,Asclepias syriaca,Asclepias syriaca,Asclepias syriaca,Asclepias syriaca,,,,66,Asclepias verticillata,Asclepias verticillata,Asclepias verticillata,Asclepias verticillata,,,,67,Asimina species,Asimina,Asimina triloba,Asimina triloba,,,,68,Asimina triloba,Asimina triloba,Asimina triloba,Asimina triloba,,,,69,Asplenium species,Asplenium,Asplenium,#N/A,,,,70,Aster ericoides,Symphyotrichum ericoides,Symphyotrichum ericoides,#N/A,correct -- check name in checklist,ah,6/28/18,71,Aster lateriflorus,Symphyotrichum lateriflorum,Symphyotrichum lateriflorum,#N/A,correct -- check name in checklist,ah,6/28/18,72,Aster pilosus,Symphyotrichum pilosum,Symphyotrichum pilosum,#N/A,correct -- check name in checklist,ah,6/28/18,73,Aster sagittifolius,Symphyotrichum undulatum,Symphyotrichum undulatum,#N/A,correct -- check name in checklist,ah,6/28/18,74,Aster sagittifolius drummondii,Symphyotrichum drummondii,Symphyotrichum drummondii,#N/A,correct -- check name in checklist,ah,6/28/18,75,Aster shortii,Symphyotrichum shortii,Symphyotrichum shortii,#N/A,correct -- check name in checklist,ah,6/28/18,76,Aster sp.?,Aster,Symphyotrichum,#N/A,,,,77,Aster species,Aster,Symphyotrichum,#N/A,,,,78,B??,,0,#N/A,,,,79,Barbarea vulgaris,Barbarea vulgaris,Barbarea vulgaris,Barbarea vulgaris,,,,80,Berberis thunbergii,Berberis thunbergii,Berberis thunbergii,Berberis thunbergii,,,,81,Bidens cernua,Bidens cernua,Bidens cernua,Bidens cernua,,,,82,Bidens frondosa,Bidens frondosa,Bidens frondosa,Bidens frondosa,,,,83,Bidens sp.,,Bidens,#N/A,,,,84,Bidens species,,Bidens,#N/A,,,,85,Boehmeria cylindrica,Boehmeria cylindrica,Boehmeria cylindrica,Boehmeria cylindrica,,,,86,Brassica sp.,Brassica,Brassica,#N/A,,,,87,Brassicaceae family,Brassicaceae,Brassicaceae,#N/A,,,,88,Bromis inermis,Bromus inermis,Bromus inermis,Bromus inermis,,,,89,Bromus inermis,Bromus inermis,Bromus inermis,Bromus inermis,,,,90,Bromus sp.,Bromus,Bromus,#N/A,,,,91,Cacalia atriplicifolia,Arnoglossum atriplicifolium,Arnoglossum atriplicifolium,#N/A,correct -- check name in checklist,ah,6/27/18,92,Calaminta vulgaris,Clinopodium vulgare,Clinopodium vulgare,#N/A,on checklist as Satureja vulgaris,ah,6/27/18,94,Camassia scilloides,Camassia scilloides,Camassia scilloides,Camassia scilloides,,,,95,Cammassia?,Camassia,,#N/A,,,,96,Campanula americana,Campanula americana,Campanula americana,Campanula americana,,,,97,Cardamine canadensis,Cardamine,Cardamine,#N/A,,,,98,Cardamine concatenata,Cardamine concatenata,Cardamine concatenata,Cardamine concatenata,,,,99,Cardamine douglassii,Cardamine douglassii,Cardamine douglassii,Cardamine douglassii,,,,100,Carex albursina,Carex albursina,Carex albursina,Carex albursina,,,,101,Carex blanda,Carex blanda,Carex blanda,Carex blanda,,,,102,Carex gravida,Carex gravida,Carex gravida,Carex gravida,,,,103,Carex hirtifolia,Carex hirtifolia,Carex hirtifolia,Carex hirtifolia,,,,104,Carex jamesii,Carex jamesii,Carex jamesii,Carex jamesii,,,,105,Carex pensylvanica,Carex pensylvanica,Carex pensylvanica,Carex pensylvanica,,,,106,Carex rosea,Carex rosea,Carex rosea,Carex rosea,,,,107,Carex sp.,Carex,Carex,#N/A,,,,108,Carex sp. #1,Carex,Carex,#N/A,,,,109,Carex sp. #2,Carex,Carex,#N/A,,,,110,Carex sp. #3,Carex,Carex,#N/A,,,,111,Carex sparganioides,Carex sparganioides,Carex sparganioides,Carex sparganioides,,,,112,Carex species,Carex,Carex,#N/A,,,,113,Carex tribuloides,Carex tribuloides,Carex tribuloides,Carex tribuloides,,,,115,Carex vulpinoidea,Carex vulpinoidea,Carex vulpinoidea,Carex vulpinoidea,,,,116,Carya cordiformis,Carya cordiformis,Carya cordiformis,Carya cordiformis,,,,117,Carya ovata,Carya ovata,Carya ovata,Carya ovata,,,,118,Carya sp.,Carya,Carya,#N/A,,,,119,Carya species,Carya,Carya,#N/A,,,,120,Caulophyllum thalictroides,Caulophyllum thalictroides,Caulophyllum thalictroides,Caulophyllum thalictroides,,,,121,Celastrus orbiculatus,Celastrus orbiculatus,Celastrus orbiculatus,#N/A,correct -- check name in checklist,ah,6/27/18,122,Celastrus scandens,Celastrus scandens,Celastrus scandens,Celastrus scandens,,,,123,Celtis occidentalis,Celtis occidentalis,Celtis occidentalis,Celtis occidentalis,,,,124,Cerastium sp.,Cerastium,Cerastium,#N/A,,,,125,Cerastrium sp.,Cerastium,Cerastium,#N/A,,,,126,Cercis canadensis,Cercis canadensis,Cercis canadensis,Cercis canadensis,,,,127,Chenopodium album,Chenopodium album,Chenopodium album,Chenopodium album,,,,128,Chenopodium sp.,Chenopodium,Chenopodium,Chenopodium,,,,129,Chrysanthemum leucanthemum,Leucanthemum vulgare,Leucanthemum vulgare,#N/A,correct -- check name in checklist,ah,6/27/18,130,Chrysanthemum leucanthemum pinnatifidum,Leucanthemum vulgare,Leucanthemum vulgare,#N/A,correct -- check name in checklist,ah,6/27/18,131,Circaea lutetiana,Circaea lutetiana,Circaea lutetiana,Circaea lutetiana,,,,132,Circaea lutetiana canadensis,Circaea lutetiana subsp. canadensis,Circaea lutetiana,Circaea lutetiana,,,,133,Cirsium arvense,Cirsium arvense,Cirsium arvense,Cirsium arvense,,,,134,Cirsium sp.,Cirsium,Cirsium,#N/A,,,,135,Cirsium vulgare,Cirsium vulgare,Cirsium vulgare,Cirsium vulgare,,,,138,Claytonia virginica,Claytonia virginica,Claytonia virginica,Claytonia virginica,,,,139,Clematis virginiana,Clematis virginiana,Clematis virginiana,Clematis virginiana,,,,140,Composite,,,#N/A,,,,141,Composite sp.,,,#N/A,,,,142,Convolvulus arvensis,Convolvulus arvensis,Convolvulus arvensis,Convolvulus arvensis,,,,143,Convolvulus sepium,Calystegia sepium,Calystegia sepium,Calystegia sepium,,,,144,Convolvulus sp.,Convolvulus,Convolvulus,#N/A,,,,145,Convolvulus species,Convolvulus,Convolvulus,#N/A,,,,146,Convovulus sp.,Convolvulus,Convolvulus,#N/A,,,,147,Coreopsis tripteris,Coreopsis tripteris,Coreopsis tripteris,Coreopsis tripteris,,,,148,Cornus racemosa,Cornus racemosa,Cornus racemosa,Cornus racemosa,,,,149,Cornus sp.,Cornus,Cornus,#N/A,,,,150,Coronilla varia,Securigera varia,Securigera varia,#N/A,correct -- check name in checklist,ah,6/27/18,151,Crataegus sp.,Crataegus,Crataegus,#N/A,,,,152,Crataegus species,Crataegus,Crataegus,#N/A,,,,153,Cryptotaenia canadensis,Cryptotaenia canadensis,Cryptotaenia canadensis,Cryptotaenia canadensis,,,,154,Cystopteris protrusa,Cystopteris protrusa,Cystopteris protrusa,Cystopteris protrusa,,,,155,Dactylis glomerata,Dactylis glomerata,Dactylis glomerata,Dactylis glomerata,,,,156,Danthonia spicata,Danthonia spicata,Danthonia spicata,Danthonia spicata,,,,157,Daucus carota,Daucus carota,Daucus carota,Daucus carota,,,,158,Desmodium species,Desmodium,Desmodium,#N/A,,,,159,Dicentra cucullaria,Dicentra cucullaria,Dicentra cucullaria,Dicentra cucullaria,,,,160,Dioscorea villosa,Dioscorea villosa,Dioscorea villosa,Dioscorea villosa,,,,161,Dipsacus fullonum,Dipsacus fullonum,Dipsacus fullonum,#N/A,correct -- check name in checklist,ah,6/27/18,162,Dipsacus laciniatus,Dipsacus laciniatus,Dipsacus laciniatus,Dipsacus laciniatus,,,,163,Dipsacus sylvestris,Dipsacus fullonum,Dipsacus fullonum,#N/A,correct -- check name in checklist,ah,6/27/18,164,Dodecatheon meadia,Dodecatheon meadia,Dodecatheon meadia,Dodecatheon meadia,,,,165,Duchesnea indica,Duchesnea indica,Duchesnea indica,Duchesnea indica,,,,166,Ellisia nyctelea,Ellisia nyctelea,Ellisia nyctelea,Ellisia nyctelea,,,,167,Elmus hystrix,Elymus elymoides,Elymus hystrix,Elymus hystrix,Elymus hystrix is correct for this,ah,6/27/18,168,Elymus hystrix,Elymus elymoides,Elymus hystrix,Elymus hystrix,Elymus hystrix is correct for this,ah,,169,Elymus sp.,Elymus,Elymus,#N/A,,,,170,Elymus villosus,Elymus villosus,Elymus villosus,Elymus villosus,,,,171,Elymus virginicus,Elymus virginicus,Elymus virginicus,Elymus virginicus,,,,172,Enemion biternatum,Enemion biternatum,Enemion biternatum,#N/A,correct -- check name in checklist,ah,6/27/18,173,Epilobium coloratum,Epilobium coloratum,Epilobium coloratum,Epilobium coloratum,,,,174,Equisetum arvense,Equisetum arvense,Equisetum arvense,Equisetum arvense,,,,175,Erechtites hieracifolia,Erechtites hieraciifolius,Erechtites hieraciifolius,#N/A,correct -- check name in checklist,ah,6/27/18,176,Erigeron annuus,Erigeron annuus,Erigeron annuus,Erigeron annuus,,,,177,Erigeron canadensis,,Conyza canadensis,Conyza canadensis,added,ah,6/27/18,178,Erigeron philadelphicus,Erigeron philadelphicus,Erigeron philadelphicus,Erigeron philadelphicus,,,,179,Erigeron sp.,Erigeron,Erigeron,#N/A,,,,180,Erigeron strigosus,Erigeron strigosus,Erigeron strigosus,Erigeron strigosus,,,,181,Erythronium albidum,Erythronium albidum,Erythronium albidum,Erythronium albidum,,,,182,Euonymus alatus,Euonymus alatus,Euonymus alatus,#N/A,correct -- check name in checklist,ah,6/27/18,183,Euonymus atropurpureus,Euonymus atropurpureus,Euonymus atropurpureus,#N/A,correct -- check name in checklist,ah,6/27/18,184,Euonymus europaeus,Euonymus europaeus,Euonymus europaeus,#N/A,correct -- check name in checklist,ah,6/27/18,185,Euonymus sp.,Euonymus,Euonymus,#N/A,,,,186,Euonymus species,Euonymus,Euonymus,#N/A,,,,187,Eupatorium purpureum,Eupatorium purpureum,Eupatorium purpureum,Eupatorium purpureum,,,,188,Eupatorium rugosum,Ageratina altissima,Ageratina altissima,#N/A,correct -- check name in checklist,ah,6/27/18,189,Eupatorium sp.,Eupatorium,Eupatorium,#N/A,,,,191,Festuca species,Festuca,Festuca,#N/A,,,,192,Floerkea proserpinacoides,Floerkea proserpinacoides,Floerkea proserpinacoides,Floerkea proserpinacoides,,,,193,Forb species,,,#N/A,,,,195,Fragaria virginiana,Fragaria virginiana,Fragaria virginiana,Fragaria virginiana,,,,196,Fraxinus,Fraxinus,Fraxinus,#N/A,,,,197,Fraxinus - Collections,,,#N/A,,,,198,Fraxinus americana,Fraxinus americana,Fraxinus americana,Fraxinus americana,,,,199,Fraxinus pennsylvanica,Fraxinus pennsylvanica,Fraxinus pennsylvanica,Fraxinus pennsylvanica,,,,200,Fraxinus pennsylvanica subintegerrima,Fraxinus pennsylvanica,Fraxinus pennsylvanica,Fraxinus pennsylvanica,,,,201,Fraxinus quadrangulata,Fraxinus quadrangulata,Fraxinus quadrangulata,Fraxinus quadrangulata,,,,202,Fraxinus seedling,Fraxinus,Fraxinus,#N/A,,,,203,Fraxinus sp.,Fraxinus,Fraxinus,#N/A,,,,204,Fraxinus species,Fraxinus,Fraxinus,#N/A,,,,205,Galium aparine,Galium aparine,Galium aparine,Galium aparine,,,,207,Galium circaezans,Galium circaezans,Galium circaezans,Galium circaezans,,,,208,Galium obtusum,Galium obtusum,Galium obtusum,Galium obtusum,,,,209,Galium sp.,Galium,Galium,#N/A,,,,210,Galium species,Galium,Galium,#N/A,,,,211,Galium triflorum,Galium triflorum,Galium triflorum,Galium triflorum,,,,212,Geranium maculatum,Geranium maculatum,Geranium maculatum,Geranium maculatum,,,,213,Germaniun maculatum,Geranium maculatum,Geranium maculatum,Geranium maculatum,,,,214,Geum canadense,Geum canadense,Geum canadense,Geum canadense,,,,215,Geum sp.,Geum,Geum,#N/A,,,,216,Glechoma hederacea,Glechoma hederacea,Glechoma hederacea,Glechoma hederacea,,,,217,Gleditsia triacanthos,,Gleditsia triacanthos,Gleditsia triacanthos,,,,218,Glyceria striata,Glyceria striata,Glyceria striata,Glyceria striata,,,,219,Grass species,Grias,,#N/A,,,,220,Gymnocladus dioica,Gymnocladus dioica,Gymnocladus dioica,Gymnocladus dioica,,,,221,Gymnocladus dioicus,Gymnocladus dioica,Gymnocladus dioica,Gymnocladus dioica,,,,222,Hackelia virginiana,Hackelia virginiana,Hackelia virginiana,Hackelia virginiana,,,,223,Hairy weed,,,#N/A,,,,224,Helenium autumnale,Helenium autumnale,Helenium autumnale,Helenium autumnale,,,,226,Helianthus grosseserratus,Helianthus grosseserratus,Helianthus grosseserratus,Helianthus grosseserratus,,,,227,Helianthus sp.,,Helianthus,#N/A,,,,228,Helianthus species,,Helianthus,#N/A,,,,229,Helianthus strumosus,Helianthus strumosus,Helianthus strumosus,Helianthus strumosus,,,,230,Hepatica acutiloba,Anemone hepatica var. acuta,Hepatica acutiloba,Hepatica acutiloba,nomenclature unclear to me,ah,6/27/18,231,Hesperis matronalis,Hesperis matronalis,Hesperis matronalis,Hesperis matronalis,,,,232,Hickory species,,Carya,#N/A,,,,233,Hydrastis canadensis,Hydrastis canadensis,Hydrastis canadensis,Hydrastis canadensis,,,,234,Hydrophyllum appendiculatum,Hydrophyllum appendiculatum,Hydrophyllum appendiculatum,Hydrophyllum appendiculatum,,,,235,Hydrophyllum sp.,Hydrophyllum,Hydrophyllum,#N/A,,,,236,Hydrophyllum virginianum,Hydrophyllum virginianum,Hydrophyllum virginianum,Hydrophyllum virginianum,,,,237,Hystrix patula,Hystrix patula,Elymus hystrix,Elymus hystrix,,,,238,Impatiens capensis,Impatiens capensis,Impatiens capensis,Impatiens capensis,,,,239,Impatiens pallida,Impatiens pallida,Impatiens pallida,Impatiens pallida,,,,240,Impatiens sp.,Impatiens,Impatiens,#N/A,,,,241,Impatiens species,Impatiens,Impatiens,#N/A,,,,242,Impatients sp.,Impatiens,Impatiens,#N/A,,,,243,Isopyrum biternatum,Enemion biternatum,Enemion biternatum,#N/A,correct -- check name in checklist,ah,6/27/18,244,Juglans cinerea,Juglans cinerea,Juglans cinerea,Juglans cinerea,,,,245,Juglans nigra,Juglans nigra,Juglans nigra,Juglans nigra,,,,246,Juncus dudleyi,Juncus dudleyi,Juncus dudleyi,Juncus dudleyi,,,,247,Juncus sp.,Juncus,Juncus,#N/A,,,,248,Juniperus virginiana,Juniperus virginiana,Juniperus virginiana,Juniperus virginiana,,,,249,Lactuca canadensis,Lactuca canadensis,Lactuca canadensis,Lactuca canadensis,,,,250,Lactuca floridana,Lactuca floridana,Lactuca floridana,Lactuca floridana,,,,251,Lactuca serriola,Lactuca serriola,Lactuca serriola,Lactuca serriola,,,,252,Lactuca sp.,,Lactuca,#N/A,,,,253,Lactuca species,,Lactuca,#N/A,,,,254,Laportea canadensis,Laportea canadensis,Laportea canadensis,Laportea canadensis,,,,255,Leersia oryzoides,Leersia oryzoides,Leersia oryzoides,Leersia oryzoides,,,,256,Leersia virginica,Leersia virginica,Leersia virginica,Leersia virginica,,,,257,Ligusticum sp.,Ligusticum,Ligusticum,#N/A,,,,258,Ligustrum species,Ligustrum,Ligustrum,#N/A,,,,259,Liriodendron tulipifera,Liriodendron tulipifera,Liriodendron tulipifera,Liriodendron tulipifera,,,,260,lonicera maackii,Lonicera maackii,Lonicera maackii,Lonicera maackii,,,,261,Lonicera maackii,Lonicera maackii,Lonicera maackii,Lonicera maackii,,,,262,Lonicera prolifera,Lonicera prolifera,Lonicera prolifera,Lonicera prolifera,,,,263,Lonicera sp.,Lonicera,Lonicera,#N/A,,,,264,Lonicera species,Lonicera,Lonicera,#N/A,,,,265,Lonicera tatarica,Lonicera tatarica,Lonicera tatarica,Lonicera tatarica,,,,266,Lycopus americanus,Lycopus americanus,Lycopus americanus,Lycopus americanus,,,,267,Lysimachia ciliata,Lysimachia ciliata,Lysimachia ciliata,Lysimachia ciliata,,,,268,Lythrum alatum,Lythrum alatum,Lythrum alatum,Lythrum alatum,,,,269,Maclura pomifera,Maclura pomifera,Maclura pomifera,Maclura pomifera,,,,270,Maianthemum racemosum,Maianthemum racemosum,Maianthemum racemosum,Maianthemum racemosum,,,,271,MAIRAC,Marah,Maianthemum racemosum,Maianthemum racemosum,code,ah,6/27/18,272,Malus sieboldii,Malus sieboldii,Malus sieboldii,Malus sieboldii,,,,273,Malus sp.,Malus,Malus,#N/A,,,,274,Malus species,Malus,Malus,#N/A,,,,275,Melilotus alba,Melilotus officinalis subsp. alba,Melilotus officinalis,Melilotus officinalis,,,,276,Melilotus officinalis,,Melilotus officinalis,Melilotus officinalis,,,,277,Menispermum canadense,Menispermum canadense,Menispermum canadense,Menispermum canadense,,,,278,Menispermum sp.,Menispermum,Menispermum canadense,Menispermum canadense,this is the only sp we have in the region,ah,6/27/18,279,Mertensia virginica,Mertensia virginica,Mertensia virginica,Mertensia virginica,,,,280,Mint species,,,#N/A,,,,281,Monarda fistulosa,Monarda fistulosa,Monarda fistulosa,Monarda fistulosa,,,,282,Morus alba,Morus alba,Morus alba,Morus alba,,,,284,Morus sp.,Morus,Morus,#N/A,,,,285,No data,,,#N/A,,,,286,No trees,,,#N/A,,,,287,No Trees,,,#N/A,,,,288,NONE,Nonea,,#N/A,,,,289,Onoclea sensibilis,Onoclea sensibilis,Onoclea sensibilis,Onoclea sensibilis,,,,290,Osm. Sp.,Osa,,#N/A,,,,291,Osmorhiza claytoniana,Osmorhiza,Osmorhiza claytonii,Osmorhiza claytonii,"Osmorhiza aristata var. aristata accepted in FNA, but for now I'm sticking with our original name",ah,6/27/18,292,Osmorhiza claytonii,Osmorhiza aristata var. aristata,Osmorhiza claytonii,Osmorhiza claytonii,"Osmorhiza aristata var. aristata accepted in FNA, but for now I'm sticking with our original name",ah,6/27/18,293,Osmorhiza longistylis,Osmorhiza longistylis,Osmorhiza longistylis,Osmorhiza longistylis,,,,294,Osmorhiza sp.,Osmorhiza,Osmorhiza,#N/A,,,,295,Osmunda claytoniana,Osmunda claytoniana,Osmunda claytoniana,#N/A,,,,296,Ostrya virginiana,Ostrya virginiana,Ostrya virginiana,Ostrya virginiana,,,,297,Oxalis europaea,Oxalis stricta,Oxalis stricta,Oxalis stricta,,,,298,Oxalis sp.,Oxalis,Oxalis,#N/A,,,,299,Oxalis stricta,Oxalis stricta,Oxalis stricta,Oxalis stricta,,,,300,Panicum implicatum,Panicum acuminatum,Dichanthelium acuminatum,Dichanthelium acuminatum,,,,301,Panicum species,Panicum,Panicum,#N/A,may just as easily be Dichanthelium,ah,6/27/18,302,Panicum spretum,Panicum acuminatum,Dichanthelium acuminatum,Dichanthelium acuminatum,,,,303,Parthenocissus quinquefolia,Parthenocissus quinquefolia,Parthenocissus quinquefolia,Parthenocissus quinquefolia,,,,304,Parthenocissus sp.,Parthenocissus,Parthenocissus,#N/A,I would treat all Parthenocissus as one sp,ah,6/27/18,305,Pastinaca sativa,Pastinaca sativa,Pastinaca sativa,Pastinaca sativa,,,,306,Persicaria coccinea,Persicaria amphibia,Persicaria amphibia,#N/A,correct -- check name in checklist,ah,6/27/18,307,Phalaris arundinacea,Phalaris arundinacea,Phalaris arundinacea,Phalaris arundinacea,,,,308,Phellodendron amurense,Phellodendron amurense,Phellodendron amurense,Phellodendron amurense,,,,309,Phleum pratense,Phleum pratense,Phleum pratense,Phleum pratense,,,,310,Phlox divaricata,Phlox divaricata,Phlox divaricata,Phlox divaricata,,,,311,PHRCAN,Phaca,,#N/A,not sure what is meant by this name… matches no abbreviations in USDA plants,ah,6/27/18,312,Phryma leptostachya,Phryma leptostachya,Phryma leptostachya,Phryma leptostachya,,,,313,Physalis species,Physalis,Physalis,#N/A,,,,314,Physalis virginiana,Physalis virginiana,Physalis virginiana,Physalis virginiana,,,,315,Phytolacca americana,Phytolacca americana,Phytolacca americana,Phytolacca americana,,,,316,Picea abies,Picea abies,Picea abies,#N/A,,,,317,Picea species,Picea,Picea,#N/A,,,,318,Pilea pumila,Pilea pumila,Pilea pumila,Pilea pumila,,,,320,Pinus resinosa,Pinus resinosa,Pinus resinosa,#N/A,,,,321,Pinus sp.,Pinus,Pinus,#N/A,,,,322,Plantago lanceolata,Plantago lanceolata,Plantago lanceolata,Plantago lanceolata,,,,323,Plantago rugelii,Plantago rugelii,Plantago rugelii,Plantago rugelii,,,,324,Poa compressa,Poa compressa,Poa compressa,Poa compressa,,,,325,Poa pratensis,Poa pratensis,Poa pratensis,Poa pratensis,,,,326,Poa sp.,Poa,Poa,#N/A,,,,327,Poa species,Poa,Poa,#N/A,,,,328,Podophyllum peltatum,Podophyllum peltatum,Podophyllum peltatum,Podophyllum peltatum,,,,329,POLBIF,Pollia,Polygonatum biflorum,Polygonatum biflorum,code,ah,6/27/18,330,Polemonium reptans,Polemonium reptans,Polemonium reptans,Polemonium reptans,,,,331,Polgonatum biflorum,Polygonatum biflorum,Polygonatum biflorum,Polygonatum biflorum,,,,332,Polygonatum biflorum,Polygonatum biflorum,Polygonatum biflorum,Polygonatum biflorum,,,,333,Polygonatum canaliculatum,Polygonatum biflorum,Polygonatum biflorum,Polygonatum biflorum,,,,334,Polygonum biflorum,Polygonatum biflorum,Polygonatum biflorum,Polygonatum biflorum,,,,335,Polygonum lapathifolium,Persicaria lapathifolia,Persicaria lapathifolia,#N/A,correct -- check name in checklist,ah,6/27/18,336,Polygonum punctatum,Persicaria punctata,Persicaria punctata,#N/A,correct -- check name in checklist,ah,6/27/18,337,Polygonum scandens,Fallopia scandens,Fallopia scandens,#N/A,correct -- check name in checklist,ah,6/27/18,338,Polygonum sp.,Polygonum,Polygonum,#N/A,really only know what clade this goes in… polygonaceae,ah,6/27/18,339,Polygonum species,Polygonum,Polygonum,#N/A,really only know what clade this goes in… polygonaceae,ah,6/27/18,340,Polygonum virginianum,Polygonum virginianum,Polygonum virginianum,Polygonum virginianum,,,,341,Polygonum. Sp.,Polygonum,Polygonum,#N/A,really only know what clade this goes in… polygonaceae,ah,6/27/18,342,Polypodium virginianum,Polypodium virginianum,Polypodium virginianum,#N/A,,,,344,Populus deltoides,Populus deltoides,Populus deltoides,Populus deltoides,,,,345,Populus grandidentata,Populus grandidentata,Populus grandidentata,Populus grandidentata,,,,346,Populus species,Populus,Populus,#N/A,,,,347,Potentilla norvegica,Potentilla norvegica,Potentilla norvegica,Potentilla norvegica,,,,348,Potentilla recta,Potentilla recta,Potentilla recta,Potentilla recta,,,,349,Potentilla simplex,Potentilla simplex,Potentilla simplex,Potentilla simplex,,,,350,Prenanthes alba,Nabalus albus,Prenanthes alba,Prenanthes alba,I think Prenanthes alba is the favored name… unsure,ah,6/27/18,351,Prenanthes species,,Prenanthes,#N/A,,,,352,Prunella vulgaris,Prunella vulgaris,Prunella vulgaris,Prunella vulgaris,,,,353,Prunella vulgaris lanceolata,Prunella vulgaris subsp. lanceolata,Prunella vulgaris,Prunella vulgaris,,,,354,Prunus americana,Prunus americana,Prunus americana,Prunus americana,,,,355,Prunus serotina,Prunus serotina,Prunus serotina,Prunus serotina,,,,356,Prunus species,Prunus,Prunus,#N/A,,,,357,Prunus virginiana,Prunus virginiana,Prunus virginiana,Prunus virginiana,,,,358,Pruser serotina,,Prunus serotina,Prunus serotina,orthographic error,ah,6/27/18,359,Pseudotsuga menziesii,Pseudotsuga menziesii,Pseudotsuga menziesii,#N/A,??!!!! REALLY?,ah,6/27/18,360,Ptelea trifoliata,Ptelea trifoliata,Ptelea trifoliata,Ptelea trifoliata,,,,361,Quercuas alba,Quercus alba,Quercus alba,Quercus alba,,,,362,Quercus alb,Quercus alba,Quercus alba,Quercus alba,,,,363,Quercus alba,Quercus alba,Quercus alba,Quercus alba,,,,364,Quercus bicolor,Quercus bicolor,Quercus bicolor,#N/A,"ooh, we need a specimen!",,,365,Quercus coccinea,Quercus coccinea,Quercus ellipsoidalis,Quercus ellipsoidalis,Quercus coccinea is not in our flora,ah,6/27/18,366,Quercus ellipsoidalis,Quercus ellipsoidalis,Quercus ellipsoidalis,Quercus ellipsoidalis,,,,367,Quercus macrocarpa,Quercus macrocarpa,Quercus macrocarpa,Quercus macrocarpa,,,,368,Quercus palustris,Quercus palustris,Quercus palustris,Quercus palustris,,,,369,Quercus rubra,Quercus rubra,Quercus rubra,Quercus rubra,,,,370,Quercus sp.,Quercus,Quercus,#N/A,,,,371,Quercus species,Quercus,Quercus,#N/A,,,,372,Ranunculus abortivus,Ranunculus abortivus,Ranunculus abortivus,Ranunculus abortivus,,,,373,Ranunculus ficaria,Ficaria verna,Ficaria verna,#N/A,correct -- check name in checklist,ah,6/27/18,374,Ranunculus hispidus,Ranunculus hispidus,Ranunculus hispidus,Ranunculus hispidus,,,,375,Ranunculus hispidus v. nitidus,Ranunculus hispidus,Ranunculus hispidus,Ranunculus hispidus,,,,376,Ranunculus pensylvanicus,Ranunculus pensylvanicus,Ranunculus pensylvanicus,Ranunculus pensylvanicus,,,,377,Ranunculus septentrionalis,Ranunculus septentrionalis,Ranunculus hispidus,Ranunculus hispidus,synonym,ah,6/27/18,378,Ranunculus sp.,Ranunculus,Ranunculus,#N/A,,,,379,Ranunculus species,Ranunculus,Ranunculus,#N/A,,,,380,Ratibida pinnata,Ratibida pinnata,Ratibida pinnata,Ratibida pinnata,,,,381,Rhamnus carthartica,Rhamnus cathartica,Rhamnus cathartica,Rhamnus cathartica,,,,382,Rhamnus cathartica,Rhamnus cathartica,Rhamnus cathartica,Rhamnus cathartica,,,,383,Rhamnus frangula,Frangula alnus,Rhamnus frangula,Rhamnus frangula,synonymy is a bit unclear on this one,ah,6/27/18,384,Rhamnus species,Rhamnus,Rhamnus,#N/A,,,,385,Rhus glabra,Rhus glabra,Rhus glabra,Rhus glabra,,,,386,Rhus radicans,Toxicodendron radicans,Toxicodendron radicans,Toxicodendron radicans,,,,387,Rhus typhina,Rhus typhina,Rhus typhina,Rhus typhina,,,,388,Ribes missouriense,Ribes missouriense,Ribes missouriense,Ribes missouriense,,,,389,Ribes sp.,Ribes,Ribes,#N/A,,,,390,Ribes species,Ribes,Ribes,#N/A,,,,391,Robinia pseudoacacia,Robinia pseudoacacia,Robinia pseudoacacia,Robinia pseudoacacia,,,,392,Robinia pseudocacia,Robinia pseudoacacia,Robinia pseudoacacia,Robinia pseudoacacia,,,,393,Rosa carolina,Rosa carolina,Rosa carolina,Rosa carolina,,,,394,Rosa multiflora,Rosa multiflora,Rosa multiflora,Rosa multiflora,,,,395,Rosa sp.,Rosa,Rosa,#N/A,,,,396,Rosa species,Rosa,Rosa,#N/A,,,,397,rttf,Ruta,,#N/A,????,ah,6/27/18,399,Rubus allegheniensis,Rubus allegheniensis,Rubus allegheniensis,Rubus allegheniensis,,,,402,Rubus occidentalis,Rubus occidentalis,Rubus occidentalis,Rubus occidentalis,,,,404,Rubus sp.,Rubus,Rubus,#N/A,,,,405,Rubus species,Rubus,Rubus,#N/A,,,,406,Rudbeckia hirta,Rudbeckia hirta,Rudbeckia hirta,Rudbeckia hirta,,,,407,Rumex crispus,Rumex crispus,Rumex crispus,Rumex crispus,,,,409,Rumex sp.,Rumex,Rumex,#N/A,,,,410,Salix interior,Salix interior,Salix interior,Salix interior,,,,411,Salix nigra,Salix nigra,Salix nigra,Salix nigra,,,,412,Salix sp.,Salix,Salix,#N/A,,,,413,Sambucus canadensis,Sambucus canadensis,Sambucus canadensis,Sambucus canadensis,,,,414,Sanguinaria canadensis,Sanguinaria canadensis,Sanguinaria canadensis,Sanguinaria canadensis,,,,415,Sanicula gregaria,Sanicula gregaria,Sanicula odorata,Sanicula odorata,nomenclature unclear to me,ah,6/27/18,416,Sanicula sp.,Sanicula,Sanicula,#N/A,,,,417,Schizachyrium scoparium,Schizachyrium scoparium,Schizachyrium scoparium,Schizachyrium scoparium,,,,418,Scirpus atrovirens,Scirpus atrovirens,Scirpus atrovirens,Scirpus atrovirens,,,,419,Scirpus species,Scirpus,Scirpus,#N/A,,,,420,Scrophularia species,Scrophularia,Scrophularia,#N/A,,,,421,Scutellaria lateriflora,Scutellaria lateriflora,Scutellaria lateriflora,Scutellaria lateriflora,,,,422,Sedge species,Sedum,,#N/A,,,,423,Seedling,,,#N/A,,,,424,Seedlings,,,#N/A,,,,425,Setaria species,Setaria,Setaria,#N/A,,,,426,Shrub species,,,#N/A,,,,427,Silphium integrifolium,Silphium integrifolium,Silphium integrifolium,Silphium integrifolium,,,,428,Silphium laciniatum,Silphium laciniatum,Silphium laciniatum,Silphium laciniatum,,,,429,Sium suave,Sium suave,Sium suave,Sium suave,,,,430,Smilacina racemosa,Maianthemum racemosum,Maianthemum racemosum,Maianthemum racemosum,,,,431,Smilacina species,,Maianthemum,#N/A,,,,432,Smilax illinoensis,Smilax illinoensis,Smilax illinoensis,Smilax illinoensis,,,,433,Smilax lasioneura,Smilax lasioneura,Smilax lasioneura,Smilax lasioneura,,,,434,Smilax sp.,Smilax,Smilax,#N/A,,,,435,Smilax species,Smilax,Smilax,#N/A,,,,437,Solanum dulcamara,Solanum dulcamara,Solanum dulcamara,Solanum dulcamara,,,,438,Solanum species,Solanum,Solanum,#N/A,,,,439,Solidago altissima,Solidago canadensis,Solidago canadensis,#N/A,probably what we are calling S. altissima in the checklist,ah,6/27/18,440,Solidago canadensis,Solidago canadensis,Solidago canadensis,#N/A,probably what we are calling S. altissima in the checklist,ah,6/27/18,441,Solidago flexicaulis,Solidago flexicaulis,Solidago flexicaulis,Solidago flexicaulis,,,,442,Solidago gigantea,Solidago gigantea,Solidago gigantea,Solidago gigantea,,,,443,Solidago graminifolia,Euthamia graminifolia,Euthamia graminifolia,Euthamia graminifolia,,,,444,Solidago sp.,Solidago,Solidago,#N/A,,,,445,Solidago species,Solidago,Solidago,#N/A,,,,447,Solidago ulmifolia,Solidago ulmifolia,Solidago ulmifolia,Solidago ulmifolia,,,,448,Solidago. Sp.,Solidago,Solidago,#N/A,,,,449,Sonchus arvensis,Sonchus arvensis,Sonchus arvensis,Sonchus arvensis,,,,450,Sonchus asper,Sonchus asper,Sonchus asper,Sonchus asper,,,,451,Sonchus sp.,,Sonchus,#N/A,,,,452,Sonchus species,,Sonchus,#N/A,,,,453,Sorghastrum nutans,Sorghastrum nutans,Sorghastrum nutans,Sorghastrum nutans,,,,454,Sparganium eurycarpum,Sparganium eurycarpum,Sparganium eurycarpum,Sparganium eurycarpum,,,,455,Staphylea trifolia,Staphylea trifolia,Staphylea trifolia,Staphylea trifolia,,,,456,Stylophorum diphyllum,Stylophorum diphyllum,Stylophorum diphyllum,Stylophorum diphyllum,,,,457,SYMLAT,,Symphyotrichum lateriflorum,#N/A,correct -- check name in checklist,ah,6/28/18,458,Symphyothrichum,Symphyotrichum,Symphyotrichum,#N/A,correct -- check name in checklist,ah,6/28/18,459,Symphyotrichim lateriflorus,Symphyotrichum lateriflorum,Symphyotrichum lateriflorum,#N/A,correct -- check name in checklist,ah,6/28/18,460,Symphyotrichum drummondii,Symphyotrichum drummondii,Symphyotrichum drummondii,#N/A,correct -- check name in checklist,ah,6/28/18,461,Symphyotrichum lanceolatum,Symphyotrichum lanceolatum,Symphyotrichum lanceolatum,#N/A,correct -- check name in checklist,ah,6/28/18,462,Symphyotrichum lateriflorum,Symphyotrichum lateriflorum,Symphyotrichum lateriflorum,#N/A,correct -- check name in checklist,ah,6/28/18,463,Symphyotrichum novae-angliae,Symphyotrichum novae-angliae,Symphyotrichum novae-angliae,#N/A,correct -- check name in checklist,ah,6/28/18,464,Symphyotrichum pilosum,Symphyotrichum pilosum,Symphyotrichum pilosum,#N/A,correct -- check name in checklist,ah,6/28/18,465,Symphyotrichum shortii,Symphyotrichum shortii,Symphyotrichum shortii,#N/A,correct -- check name in checklist,ah,6/28/18,466,Symphyotrichum sp.,Symphyotrichum,Symphyotrichum,#N/A,,,,467,Taraxacum officinale,Taraxacum campylodes,Taraxacum officinale,Taraxacum officinale,T. campylodes? That's crazy talk,ah,6/27/18,468,Teucrium canadense,Teucrium canadense,Teucrium canadense,Teucrium canadense,,,,469,Thalictrum dioicum,Thalictrum dioicum,Thalictrum dioicum,Thalictrum dioicum,,,,470,Thelypteris palustris,Thelypteris confluens,Thelypteris palustris,#N/A,T. confluens is accepted name per a flora of Madagascar; I blv T. palustris is still the favored name,ah,6/27/18,471,Tilia americana,Tilia americana,Tilia americana,Tilia americana,,,,472,Toralos sp.,Torilis,Torilis,#N/A,,,,474,Toxicodendron radicans,Toxicodendron radicans,Toxicodendron radicans,Toxicodendron radicans,,,,475,Toxicondendron radicans,Toxicodendron radicans,Toxicodendron radicans,Toxicodendron radicans,,,,476,Tragopogon dubius,Tragopogon dubius,Tragopogon dubius,Tragopogon dubius,,,,477,Tragopogon sp.,,Tragopogon,#N/A,,,,478,Tree species,Trema,,#N/A,,,,479,Trifolium hybridum,,Trifolium hybridum,Trifolium hybridum,,,,480,Trifolium pratense,,Trifolium pratense,Trifolium pratense,,,,481,Trifolium repens,Trifolium repens,Trifolium repens,Trifolium repens,,,,482,Trillium grandiflorum,Trillium grandiflorum,Trillium grandiflorum,Trillium grandiflorum,,,,483,Trillium recurvatum,Trillium recurvatum,Trillium recurvatum,Trillium recurvatum,,,,484,Typha angustifolia,Typha angustifolia,Typha angustifolia,Typha angustifolia,,,,485,Typha latifolia,Typha latifolia,Typha latifolia,Typha latifolia,,,,486,Ulmus americana,Ulmus americana,Ulmus americana,Ulmus americana,,,,487,Ulmus pumila,Ulmus pumila,Ulmus pumila,Ulmus pumila,,,,488,Ulmus rubra,Ulmus rubra,Ulmus rubra,Ulmus rubra,,,,489,Ulmus sp.,Ulmus,Ulmus,#N/A,,,,490,Ulmus species,Ulmus,Ulmus,#N/A,,,,491,Unidentified,,,#N/A,,,,492,Unidentified composite,,,#N/A,,,,493,Unidentified forb,,,#N/A,,,,494,Unidentified grass,,,#N/A,,,,495,Unidentified legume,,,#N/A,,,,496,Unidentified seedling,,,#N/A,,,,497,Unidentified shrub,,,#N/A,,,,498,Unidentified sp.,,,#N/A,,,,499,Unidentified species,,,#N/A,,,,500,Unidentified species-3-leaved,,,#N/A,,,,501,Unidentified species-milky sap,,,#N/A,,,,502,Unidentified species-single leaf,,,#N/A,,,,503,Unidentified vine,,,#N/A,,,,504,Unk. composite,,,#N/A,,,,505,Unk. Composite,,,#N/A,,,,506,Unk. Forb,,,#N/A,,,,507,Unk. grass,,,#N/A,,,,508,Unk. Grass,,,#N/A,,,,509,Unk. seedling,,,#N/A,,,,510,Unk. Seedling,,,#N/A,,,,511,Unk. Seedlings,,,#N/A,,,,512,Unk. Shrub,,,#N/A,,,,513,Unk. Snag,,,#N/A,,,,514,Unk. Sp.,,,#N/A,,,,515,Unk. Vine,,,#N/A,,,,516,Unknown,,,#N/A,,,,517,Urtica dioica,Urtica dioica,Urtica dioica,Urtica dioica,,,,518,Uvularia grandiflora,Uvularia grandiflora,Uvularia grandiflora,Uvularia grandiflora,,,,520,Verbesina alternifolia,Verbesina alternifolia,Verbesina alternifolia,Verbesina alternifolia,,,,522,Veronica sp.,Veronica,Veronica,#N/A,,,,523,Veronicastrum virginicum,Veronicastrum virginicum,Veronicastrum virginicum,Veronicastrum virginicum,,,,524,Viburnum dentatum,Viburnum dentatum,Viburnum dentatum,Viburnum dentatum,,,,525,Viburnum lentago,Viburnum lentago,Viburnum lentago,Viburnum lentago,,,,526,Viburnum opulus,Viburnum opulus,Viburnum opulus,Viburnum opulus,,,,527,Viburnum prunifolium,Viburnum prunifolium,Viburnum prunifolium,Viburnum prunifolium,,,,530,Viburnum sp.,Viburnum,Viburnum,#N/A,,,,531,Viburnum species,Viburnum,Viburnum,#N/A,,,,532,Viburnumspecies,,Viburnum,#N/A,,,,533,Vine seedling,,,#N/A,,,,534,Vine species,,,#N/A,,,,535,Viola missouriensis,Viola sororia var. missouriensis,Viola sororia,Viola sororia,,,,536,Viola pubescens,Viola pubescens,Viola pubescens,Viola pubescens,,,,537,Viola sororia,Viola sororia,Viola sororia,Viola sororia,,,,538,Viola sp.,Viola,Viola,#N/A,,,,539,Viola species,Viola,Viola,#N/A,,,,540,Vitis riparia,Vitis vulpina,Vitis vulpina,#N/A,correct -- check name in checklist,ah,6/28/18,541,Vitis sp.,Vitis,Vitis,#N/A,,,,542,Weather station,,,#N/A,,,,